{"numFailedTestSuites":0,"numFailedTests":0,"numPassedTestSuites":4,"numPassedTests":50,"numPendingTestSuites":0,"numPendingTests":0,"numRuntimeErrorTestSuites":0,"numTodoTests":0,"numTotalTestSuites":4,"numTotalTests":50,"openHandles":[],"snapshot":{"added":0,"didUpdate":false,"failure":false,"filesAdded":0,"filesRemoved":0,"filesRemovedList":[],"filesUnmatched":0,"filesUpdated":0,"matched":0,"total":0,"unchecked":0,"uncheckedKeysByFile":[],"unmatched":0,"updated":0},"startTime":1677620526255,"success":true,"testResults":[{"assertionResults":[{"ancestorTitles":["[REE1] PosterSessionAreaController","[REE1] PosterSessionAreaController Setting star property"],"duration":10,"failureMessages":[],"fullName":"[REE1] PosterSessionAreaController [REE1] PosterSessionAreaController Setting star property updates the property and emits a posterStarChange event if the property changes","location":null,"status":"passed","title":"updates the property and emits a posterStarChange event if the property changes"},{"ancestorTitles":["[REE1] PosterSessionAreaController","[REE1] PosterSessionAreaController Setting star property"],"duration":2,"failureMessages":[],"fullName":"[REE1] PosterSessionAreaController [REE1] PosterSessionAreaController Setting star property does not emit a posterStarChange event if the star property does not change","location":null,"status":"passed","title":"does not emit a posterStarChange event if the star property does not change"},{"ancestorTitles":["[REE1] PosterSessionAreaController","[REE1] PosterSessionAreaController Setting title property"],"duration":2,"failureMessages":[],"fullName":"[REE1] PosterSessionAreaController [REE1] PosterSessionAreaController Setting title property updates the property and emits a posterTitleChange event if the property changes","location":null,"status":"passed","title":"updates the property and emits a posterTitleChange event if the property changes"},{"ancestorTitles":["[REE1] PosterSessionAreaController","[REE1] PosterSessionAreaController Setting title property"],"duration":1,"failureMessages":[],"fullName":"[REE1] PosterSessionAreaController [REE1] PosterSessionAreaController Setting title property does not emit a posterTitleChange event if the title property does not change","location":null,"status":"passed","title":"does not emit a posterTitleChange event if the title property does not change"},{"ancestorTitles":["[REE1] PosterSessionAreaController","[REE1] PosterSessionAreaController Setting imageContents property"],"duration":1,"failureMessages":[],"fullName":"[REE1] PosterSessionAreaController [REE1] PosterSessionAreaController Setting imageContents property updates the property and emits a posterImageContentsChange event if the property changes","location":null,"status":"passed","title":"updates the property and emits a posterImageContentsChange event if the property changes"},{"ancestorTitles":["[REE1] PosterSessionAreaController","[REE1] PosterSessionAreaController Setting imageContents property"],"duration":1,"failureMessages":[],"fullName":"[REE1] PosterSessionAreaController [REE1] PosterSessionAreaController Setting imageContents property does not emit a posterImageContentsChange event if the title property does not change","location":null,"status":"passed","title":"does not emit a posterImageContentsChange event if the title property does not change"},{"ancestorTitles":["[REE1] PosterSessionAreaController","[REE1] PosterSessionAreaController posterSessionAreaModel"],"duration":1,"failureMessages":[],"fullName":"[REE1] PosterSessionAreaController [REE1] PosterSessionAreaController posterSessionAreaModel Carries through all of the properties","location":null,"status":"passed","title":"Carries through all of the properties"},{"ancestorTitles":["[REE1] PosterSessionAreaController","[REE1] PosterSessionAreaController updateFrom"],"duration":3,"failureMessages":[],"fullName":"[REE1] PosterSessionAreaController [REE1] PosterSessionAreaController updateFrom Updates the title, imageContents and stars properties","location":null,"status":"passed","title":"Updates the title, imageContents and stars properties"},{"ancestorTitles":["[REE1] PosterSessionAreaController","[REE1] PosterSessionAreaController updateFrom"],"duration":2,"failureMessages":[],"fullName":"[REE1] PosterSessionAreaController [REE1] PosterSessionAreaController updateFrom Does not update the id property","location":null,"status":"passed","title":"Does not update the id property"}],"endTime":1677620544442,"message":"","name":"/home/ellen/Documents/NEUCourses/CS4530_TA_again/spring23-ip2-autograder/handout/frontend/src/classes/PosterSessionAreaController.test.ts","startTime":1677620527370,"status":"passed","summary":""},{"assertionResults":[{"ancestorTitles":["TownController","With an unsuccesful connection"],"duration":74,"failureMessages":[],"fullName":"TownController With an unsuccesful connection Throws an error","location":null,"status":"passed","title":"Throws an error"},{"ancestorTitles":["TownController","With a successful connection"],"duration":10,"failureMessages":[],"fullName":"TownController With a successful connection Initializes the properties of the controller","location":null,"status":"passed","title":"Initializes the properties of the controller"},{"ancestorTitles":["TownController","With a successful connection"],"duration":6,"failureMessages":[],"fullName":"TownController With a successful connection Forwards update town calls to local CoveyTownEvents listeners","location":null,"status":"passed","title":"Forwards update town calls to local CoveyTownEvents listeners"},{"ancestorTitles":["TownController","With a successful connection"],"duration":5,"failureMessages":[],"fullName":"TownController With a successful connection Forwards delete town calls to local CoveyTownEvents listeners","location":null,"status":"passed","title":"Forwards delete town calls to local CoveyTownEvents listeners"},{"ancestorTitles":["TownController","With a successful connection"],"duration":5,"failureMessages":[],"fullName":"TownController With a successful connection Forwards chat messages to local CoveyTownEvents listeners","location":null,"status":"passed","title":"Forwards chat messages to local CoveyTownEvents listeners"},{"ancestorTitles":["TownController","With a successful connection"],"duration":5,"failureMessages":[],"fullName":"TownController With a successful connection Emits the local player's movement updates to the socket and to locally subscribed CoveyTownEvents listeners","location":null,"status":"passed","title":"Emits the local player's movement updates to the socket and to locally subscribed CoveyTownEvents listeners"},{"ancestorTitles":["TownController","With a successful connection"],"duration":4,"failureMessages":[],"fullName":"TownController With a successful connection Emits locally written chat messages to the socket, and dispatches no other events","location":null,"status":"passed","title":"Emits locally written chat messages to the socket, and dispatches no other events"},{"ancestorTitles":["TownController","With a successful connection"],"duration":4,"failureMessages":[],"fullName":"TownController With a successful connection Emits conversationAreasChanged when a conversation area is created","location":null,"status":"passed","title":"Emits conversationAreasChanged when a conversation area is created"},{"ancestorTitles":["TownController","With a successful connection","[T2] interactableUpdate events","Conversation Area updates"],"duration":6,"failureMessages":[],"fullName":"TownController With a successful connection [T2] interactableUpdate events Conversation Area updates Emits a conversationAreasChanged event with the updated list of conversation areas if the area is newly occupied","location":null,"status":"passed","title":"Emits a conversationAreasChanged event with the updated list of conversation areas if the area is newly occupied"},{"ancestorTitles":["TownController","With a successful connection","[T2] interactableUpdate events","Conversation Area updates"],"duration":5,"failureMessages":[],"fullName":"TownController With a successful connection [T2] interactableUpdate events Conversation Area updates Emits a conversationAreasChanged event with the updated list of converation areas if the area is newly vacant","location":null,"status":"passed","title":"Emits a conversationAreasChanged event with the updated list of converation areas if the area is newly vacant"},{"ancestorTitles":["TownController","With a successful connection","[T2] interactableUpdate events","Conversation Area updates"],"duration":4,"failureMessages":[],"fullName":"TownController With a successful connection [T2] interactableUpdate events Conversation Area updates Does not emit a conversationAreasChanged event if the set of active areas has not changed","location":null,"status":"passed","title":"Does not emit a conversationAreasChanged event if the set of active areas has not changed"},{"ancestorTitles":["TownController","With a successful connection","[T2] interactableUpdate events","Conversation Area updates"],"duration":4,"failureMessages":[],"fullName":"TownController With a successful connection [T2] interactableUpdate events Conversation Area updates Emits a topicChange event if the topic of a conversation area changes","location":null,"status":"passed","title":"Emits a topicChange event if the topic of a conversation area changes"},{"ancestorTitles":["TownController","With a successful connection","[T2] interactableUpdate events","Conversation Area updates"],"duration":3,"failureMessages":[],"fullName":"TownController With a successful connection [T2] interactableUpdate events Conversation Area updates Does not emit a topicChange event if the topic is unchanged","location":null,"status":"passed","title":"Does not emit a topicChange event if the topic is unchanged"},{"ancestorTitles":["TownController","With a successful connection","[T2] interactableUpdate events","Conversation Area updates"],"duration":4,"failureMessages":[],"fullName":"TownController With a successful connection [T2] interactableUpdate events Conversation Area updates Emits an occupantsChange event if the occupants changed","location":null,"status":"passed","title":"Emits an occupantsChange event if the occupants changed"},{"ancestorTitles":["TownController","With a successful connection","[T2] interactableUpdate events","Conversation Area updates"],"duration":3,"failureMessages":[],"fullName":"TownController With a successful connection [T2] interactableUpdate events Conversation Area updates Does not emit an occupantsChange if the occupants have not changed","location":null,"status":"passed","title":"Does not emit an occupantsChange if the occupants have not changed"},{"ancestorTitles":["TownController","With a successful connection","[T2] interactableUpdate events","Viewing Area updates"],"duration":4,"failureMessages":[],"fullName":"TownController With a successful connection [T2] interactableUpdate events Viewing Area updates Updates the viewing area model","location":null,"status":"passed","title":"Updates the viewing area model"},{"ancestorTitles":["TownController","With a successful connection","[T2] interactableUpdate events","Viewing Area updates"],"duration":4,"failureMessages":[],"fullName":"TownController With a successful connection [T2] interactableUpdate events Viewing Area updates Emits a playbackChange event if isPlaying changes","location":null,"status":"passed","title":"Emits a playbackChange event if isPlaying changes"},{"ancestorTitles":["TownController","With a successful connection","[T2] interactableUpdate events","Viewing Area updates"],"duration":3,"failureMessages":[],"fullName":"TownController With a successful connection [T2] interactableUpdate events Viewing Area updates Emits a progressChange event if the elapsedTimeSec chagnes","location":null,"status":"passed","title":"Emits a progressChange event if the elapsedTimeSec chagnes"},{"ancestorTitles":["TownController","With a successful connection","[T2] interactableUpdate events","Viewing Area updates"],"duration":2,"failureMessages":[],"fullName":"TownController With a successful connection [T2] interactableUpdate events Viewing Area updates Emits a videoChange event if the video changes","location":null,"status":"passed","title":"Emits a videoChange event if the video changes"},{"ancestorTitles":["TownController","With a successful connection","[T2] interactableUpdate events","[REE1] PosterSessionAreaController Poster Session Area updates"],"duration":2,"failureMessages":[],"fullName":"TownController With a successful connection [T2] interactableUpdate events [REE1] PosterSessionAreaController Poster Session Area updates [REE1] interactableUpdate and poster hooks Updates the poster session area model","location":null,"status":"passed","title":"[REE1] interactableUpdate and poster hooks Updates the poster session area model"},{"ancestorTitles":["TownController","With a successful connection","[T2] interactableUpdate events","[REE1] PosterSessionAreaController Poster Session Area updates"],"duration":2,"failureMessages":[],"fullName":"TownController With a successful connection [T2] interactableUpdate events [REE1] PosterSessionAreaController Poster Session Area updates [REE1] interactableUpdate and poster hooks Emits a posterStarChange event if the number of stars changes","location":null,"status":"passed","title":"[REE1] interactableUpdate and poster hooks Emits a posterStarChange event if the number of stars changes"},{"ancestorTitles":["TownController","With a successful connection","[T2] interactableUpdate events","[REE1] PosterSessionAreaController Poster Session Area updates"],"duration":10,"failureMessages":[],"fullName":"TownController With a successful connection [T2] interactableUpdate events [REE1] PosterSessionAreaController Poster Session Area updates [REE1] interactableUpdate and poster hooks Emits a posterTitleEvent event if the title changes","location":null,"status":"passed","title":"[REE1] interactableUpdate and poster hooks Emits a posterTitleEvent event if the title changes"},{"ancestorTitles":["TownController","With a successful connection","[T2] interactableUpdate events","[REE1] PosterSessionAreaController Poster Session Area updates"],"duration":2,"failureMessages":[],"fullName":"TownController With a successful connection [T2] interactableUpdate events [REE1] PosterSessionAreaController Poster Session Area updates [REE1] interactableUpdate and poster hooks Emits a posterImageContentsChange event if the image contents changes","location":null,"status":"passed","title":"[REE1] interactableUpdate and poster hooks Emits a posterImageContentsChange event if the image contents changes"},{"ancestorTitles":["TownController","Processing events that are received over the socket from the townService"],"duration":1,"failureMessages":[],"fullName":"TownController Processing events that are received over the socket from the townService Emits playersChanged events when players join","location":null,"status":"passed","title":"Emits playersChanged events when players join"},{"ancestorTitles":["TownController","Processing events that are received over the socket from the townService"],"duration":1,"failureMessages":[],"fullName":"TownController Processing events that are received over the socket from the townService Emits playersChanged events when players leave","location":null,"status":"passed","title":"Emits playersChanged events when players leave"},{"ancestorTitles":["TownController","Processing events that are received over the socket from the townService"],"duration":1,"failureMessages":[],"fullName":"TownController Processing events that are received over the socket from the townService Emits playerMoved events when players join","location":null,"status":"passed","title":"Emits playerMoved events when players join"},{"ancestorTitles":["TownController","Processing events that are received over the socket from the townService"],"duration":2,"failureMessages":[],"fullName":"TownController Processing events that are received over the socket from the townService Emits playerMoved events when players move","location":null,"status":"passed","title":"Emits playerMoved events when players move"},{"ancestorTitles":["TownController"],"duration":1,"failureMessages":[],"fullName":"TownController Disconnects the socket and clears the coveyTownController when disconnection","location":null,"status":"passed","title":"Disconnects the socket and clears the coveyTownController when disconnection"}],"endTime":1677620546180,"message":"","name":"/home/ellen/Documents/NEUCourses/CS4530_TA_again/spring23-ip2-autograder/handout/frontend/src/classes/TownController.test.ts","startTime":1677620527370,"status":"passed","summary":""},{"assertionResults":[{"ancestorTitles":["Poster Image Viewer","PosterHooks"],"duration":452,"failureMessages":[],"fullName":"Poster Image Viewer PosterHooks [REE2] useStars Registers exactly one posterStarChange listener","location":null,"status":"passed","title":"[REE2] useStars Registers exactly one posterStarChange listener"},{"ancestorTitles":["Poster Image Viewer","PosterHooks"],"duration":231,"failureMessages":[],"fullName":"Poster Image Viewer PosterHooks [REE2] useStars Unregisters exactly the same posterStarChange listener on unmounting","location":null,"status":"passed","title":"[REE2] useStars Unregisters exactly the same posterStarChange listener on unmounting"},{"ancestorTitles":["Poster Image Viewer","PosterHooks"],"duration":228,"failureMessages":[],"fullName":"Poster Image Viewer PosterHooks [REE2] useTitle Registers exactly one posterTitleChange listener","location":null,"status":"passed","title":"[REE2] useTitle Registers exactly one posterTitleChange listener"},{"ancestorTitles":["Poster Image Viewer","PosterHooks"],"duration":229,"failureMessages":[],"fullName":"Poster Image Viewer PosterHooks [REE2] useTitle Unregisters exactly the same posterTitleChange listener on unmounting","location":null,"status":"passed","title":"[REE2] useTitle Unregisters exactly the same posterTitleChange listener on unmounting"},{"ancestorTitles":["Poster Image Viewer","PosterHooks"],"duration":279,"failureMessages":[],"fullName":"Poster Image Viewer PosterHooks [REE2] useImageContents Registers exactly one posterImageContentsChange listener","location":null,"status":"passed","title":"[REE2] useImageContents Registers exactly one posterImageContentsChange listener"},{"ancestorTitles":["Poster Image Viewer","PosterHooks"],"duration":222,"failureMessages":[],"fullName":"Poster Image Viewer PosterHooks [REE2] useImageContents Unregisters exactly the same posterImageContentsChange listener on unmounting","location":null,"status":"passed","title":"[REE2] useImageContents Unregisters exactly the same posterImageContentsChange listener on unmounting"},{"ancestorTitles":["Poster Image Viewer","PosterHooks"],"duration":201,"failureMessages":[],"fullName":"Poster Image Viewer PosterHooks Removes the listeners and adds new ones if the controller changes","location":null,"status":"passed","title":"Removes the listeners and adds new ones if the controller changes"}],"endTime":1677620548383,"message":"","name":"/home/ellen/Documents/NEUCourses/CS4530_TA_again/spring23-ip2-autograder/handout/frontend/src/components/Town/interactables/PosterHooks.test.tsx","startTime":1677620527316,"status":"passed","summary":""},{"assertionResults":[{"ancestorTitles":["PosterViewer [REE3] createPoster Poster Image Viewer","[REE3] cant restar a poster Starring a poster"],"duration":688,"failureMessages":[],"fullName":"PosterViewer [REE3] createPoster Poster Image Viewer [REE3] cant restar a poster Starring a poster Increments the number of stars when clicking \"star\" button","location":null,"status":"passed","title":"Increments the number of stars when clicking \"star\" button"},{"ancestorTitles":["PosterViewer [REE3] createPoster Poster Image Viewer","[REE3] cant restar a poster Starring a poster"],"duration":611,"failureMessages":[],"fullName":"PosterViewer [REE3] createPoster Poster Image Viewer [REE3] cant restar a poster Starring a poster Displays the correct number of starting stars","location":null,"status":"passed","title":"Displays the correct number of starting stars"},{"ancestorTitles":["PosterViewer [REE3] createPoster Poster Image Viewer","[REE3] sync image contents with the town controller Viewing a poster"],"duration":688,"failureMessages":[],"fullName":"PosterViewer [REE3] createPoster Poster Image Viewer [REE3] sync image contents with the town controller Viewing a poster Displays the image contents","location":null,"status":"passed","title":"Displays the image contents"},{"ancestorTitles":["PosterViewer [REE3] createPoster Poster Image Viewer","[REE3] sync image contents with the town controller Viewing a poster"],"duration":452,"failureMessages":[],"fullName":"PosterViewer [REE3] createPoster Poster Image Viewer [REE3] sync image contents with the town controller Viewing a poster Only retrieves the image contents once","location":null,"status":"passed","title":"Only retrieves the image contents once"},{"ancestorTitles":["PosterViewer [REE3] createPoster Poster Image Viewer","[REE3] sync image contents with the town controller Viewing a poster"],"duration":513,"failureMessages":[],"fullName":"PosterViewer [REE3] createPoster Poster Image Viewer [REE3] sync image contents with the town controller Viewing a poster Includes the title of the poster in the header","location":null,"status":"passed","title":"Includes the title of the poster in the header"},{"ancestorTitles":["PosterViewer [REE3] createPoster Poster Image Viewer","[REE3] sync image contents with the town controller Viewing a poster"],"duration":523,"failureMessages":[],"fullName":"PosterViewer [REE3] createPoster Poster Image Viewer [REE3] sync image contents with the town controller Viewing a poster Unpauses the game when the modal is closed","location":null,"status":"passed","title":"Unpauses the game when the modal is closed"}],"endTime":1677620549956,"message":"","name":"/home/ellen/Documents/NEUCourses/CS4530_TA_again/spring23-ip2-autograder/handout/frontend/src/components/Town/interactables/PosterViewerImage.test.tsx","startTime":1677620527316,"status":"passed","summary":""}],"wasInterrupted":false}